<?xml version="1.0" encoding="UTF-8"?>
<beans xmlns="http://www.springframework.org/schema/beans"
	xmlns:xsi="http://www.w3.org/2001/XMLSchema-instance"
	xmlns:c="http://www.springframework.org/schema/c"
	xmlns:p="http://www.springframework.org/schema/p"
	xmlns:tx="http://www.springframework.org/schema/tx"
	xsi:schemaLocation="http://www.springframework.org/schema/beans 
		https://www.springframework.org/schema/beans/spring-beans.xsd
		http://www.springframework.org/schema/tx 
		http://www.springframework.org/schema/tx/spring-tx-4.3.xsd">
		
	<import resource="classpath:datasource/dbcpdatasource.xml" />
	
	<bean id="multipartResolver"
		class="org.springframework.web.multipart.commons.CommonsMultipartResolver" />
	
	<bean id="sqlSessionFactory"
	 	class="org.mybatis.spring.SqlSessionFactoryBean">
	 	<property name="dataSource" ref="dataSource" />
	 	<property name="mapperLocations"
	 		value="classpath:repository/mappers/**/*Mapper.xml" />	 																		  	
	 	<property name="typeAliasesPackage" value="com.springstudy.bbs.domain" />
	</bean>
	
	<bean id="sqlSessionTemplate"
		class="org.mybatis.spring.SqlSessionTemplate"
		c:sqlSessionFactory-ref="sqlSessionFactory" />
	
	<!-- Transaction 처리  -->
	<bean id="transactionManager"
		class="org.springframework.jdbc.datasource.DataSourceTransactionManager" 
		p:dataSource-ref="dataSource"/>
		
</beans>
