<?xml version="1.0" encoding="UTF-8"?>
<beans:beans xmlns="http://www.springframework.org/schema/mvc"
	xmlns:xsi="http://www.w3.org/2001/XMLSchema-instance"
	xmlns:p="http://www.springframework.org/schema/p"
	xmlns:beans="http://www.springframework.org/schema/beans"
	xmlns:context="http://www.springframework.org/schema/context"
	xsi:schemaLocation="http://www.springframework.org/schema/mvc 
		https://www.springframework.org/schema/mvc/spring-mvc.xsd
		http://www.springframework.org/schema/beans 
		https://www.springframework.org/schema/beans/spring-beans.xsd
		http://www.springframework.org/schema/context 
		https://www.springframework.org/schema/context/spring-context.xsd">


	<annotation-driven />


	<resources mapping="/resources/**" location="/resources/" />


	<beans:bean class="org.springframework.web.servlet.view.InternalResourceViewResolver"
		p:viewClass="org.springframework.web.servlet.view.JstlView" 
		p:prefix="/WEB-INF/index.jsp?body=views/"
		p:suffix=".jsp" />
	
	<context:component-scan base-package="com.springstudy.bbs" />
	
	<!-- /WEB-INF/views/ + boardList + .jsp  -->
	<view-controller path="/board" view-name="boardList" />
	
	<view-controller path="/index" view-name="boardList" />
	
	<redirect-view-controller path="/" redirect-url="boardList" />
	
	<view-controller path="/writeForm" view-name="writeForm" />
	
	<view-controller path="loginForm" view-name="loginForm" />

	
</beans:beans>





